{"SbxJpjcwdem6gQd2PpWHyQ==":"mbr-1620x1080.jpg","BuQfajh0fnVcMuKlz/dzow==":"mbr-1456x1080.jpg","432rYm9Yo+YvRR0WtJh6kQ==":"mbr-1-1620x1080.jpg","lR2UTW1dVufPOCwk28OPSg==":"l3a31e9-400x225.png","HgXX1rn8o8iNsiXVaE8Rpw==":"coffee-and-books-400x287.jpg","Ovhqf30lAUVUyHsvTt1IHw==":"coffee-and-books-1-400x287.jpg","xc8UYYJ7usKq1j1rcNd8Xg==":"coffee-wallpaper-1920x1280.jpg","ujHDfvFQ7Awg9dISGuLZnw==":"l3a31e9-1920x1080.png","tuqTUs1y1GDJgRBupxaivg==":"mbr-720x1080.jpg","8/qNzqyUScN6+85ciSkzVg==":"background2.jpg"}